,Link,Title,View,Created Date,Tag,Tag_with_freq
53,https://www.zazzle.com/wildflower_bow_graduation_invitation-256992532423494035,Wildflower & Bow Graduation Invitation,28,2026-03-20 13:18:00,"graduation daughter, coquette invite, arch photo, elegant bow, modern, trendy, 2026 graduation party, wildflowers, watercolor pink bow, floral girl invite","graduation daughter 7, coquette invite 7, arch photo 13, elegant bow 7, modern 17, trendy 14, 2026 graduation party 3, wildflowers 3, watercolor pink bow 3, floral girl invite 3 | Total: 77"
7,https://www.zazzle.com/wildflower_bow_graduation_party_photo_collage_invitation-256845528064435196,Wildflower Bow Graduation party Photo Collage Invitation,612,2026-03-14 02:32:00,"graduation party, grad, wildflower, floral, girl graduation, pink, bow, arch, class of 2026, photo collage","graduation party 7, grad 2, wildflower 4, floral 6, girl graduation 1, pink 4, bow 8, arch 2, class of 2026 14, photo collage 1 | Total: 49"
57,https://www.zazzle.com/wildflower_graduation_sign-256897701187345718,Wildflower Graduation Sign,40,2026-03-03 05:04:00,"wildflower graduation invitation, pink bow, grandmillennial, floral, vintage, arch photo, grad party, trendy, high school college, calligraphy","wildflower graduation invitation 1, pink bow 8, grandmillennial 3, floral 6, vintage 4, arch photo 13, grad party 14, trendy 14, high school college 8, calligraphy 4 | Total: 75"
55,https://www.zazzle.com/she_did_it_graduation_party_invitation-256612056570150148,She Did It! Graduation Party Invitation,37,2026-03-02 15:13:00,"chic party invitations for her, elegant party invite, printable party invitation, grad party invitation, she did it, stylish graduation party invitation, classy grad stationery, doodle frame and bow design, graduation party for her, class of 2026","chic party invitations for her 1, elegant party invite 1, printable party invitation 1, grad party invitation 1, she did it 3, stylish graduation party invitation 1, classy grad stationery 1, doodle frame and bow design 1, graduation party for her 1, class of 2026 14 | Total: 25"
9,https://www.zazzle.com/black_bow_photo_graduation_invitation-256161264020359462,Black Bow Photo Graduation Invitation,364,2026-02-24 17:48:00,"graduation daughter, coquette invite, arch photo, elegant bow, modern, trendy, bow theme, graduation party, black bow, black ribbon long","graduation daughter 7, coquette invite 7, arch photo 13, elegant bow 7, modern 17, trendy 14, bow theme 4, graduation party 7, black bow 5, black ribbon long 1 | Total: 82"
21,https://www.zazzle.com/wildflower_bow_graduation_invitation-256403285902415027,Wildflower & Bow Graduation Invitation,194,2026-02-24 17:22:00,"graduation daughter, coquette invite, elegant bow, modern, trendy, 2026 graduation party, wildflowers, watercolor pink bow, floral girl invite, 3 photo collage","graduation daughter 7, coquette invite 7, elegant bow 7, modern 17, trendy 14, 2026 graduation party 3, wildflowers 3, watercolor pink bow 3, floral girl invite 3, 3 photo collage 1 | Total: 65"
17,https://www.zazzle.com/wildflower_bow_graduation_invitation-256229209416312580,Wildflower & Bow Graduation Invitation,189,2026-02-24 16:12:00,"graduation daughter, coquette invite, arch photo, elegant bow, modern, trendy, 2026 graduation party, wildflowers, watercolor pink bow, floral girl invite","graduation daughter 7, coquette invite 7, arch photo 13, elegant bow 7, modern 17, trendy 14, 2026 graduation party 3, wildflowers 3, watercolor pink bow 3, floral girl invite 3 | Total: 77"
39,https://www.zazzle.com/wildflower_graduation_party_return_address_label-256799586037391857,Wildflower Graduation Party Return Address Label,45,2026-02-24 00:01:00,"graduation invitation, wildflower, floral, grandmillennial, coquette, vintage, elegant, girly, watercolor, bow","graduation invitation 1, wildflower 4, floral 6, grandmillennial 3, coquette 14, vintage 4, elegant 9, girly 1, watercolor 3, bow 8 | Total: 53"
46,https://www.zazzle.com/pink_bow_in_her_grad_era_elegant_photo_graduation_invitation-256372786085047327,Pink Bow In Her Grad Era Elegant Photo Graduation Invitation,176,2026-02-19 02:40:00,"pink bow graduation party invitation, in her grad era, pink coquette graduation announcement, grad photo invitation, graduation party invitation, elegant graduation announcement, minimal graduation invitation, high school graduation, college graduation, elegant graduation photo announcement","pink bow graduation party invitation 1, in her grad era 1, pink coquette graduation announcement 1, grad photo invitation 1, graduation party invitation 4, elegant graduation announcement 1, minimal graduation invitation 1, high school graduation 1, college graduation 1, elegant graduation photo announcement 1 | Total: 13"
56,https://www.zazzle.com/black_bow_photo_graduation_invitation-256829759931331209,Black Bow Photo Graduation Invitation,221,2026-02-05 22:57:00,"black bow graduation, graduation daughter, coquette invite, arch photo, black ribbon, elegant bow, modern, trendy, bow theme, daughter","black bow graduation 1, graduation daughter 7, coquette invite 7, arch photo 13, black ribbon 1, elegant bow 7, modern 17, trendy 14, bow theme 4, daughter 3 | Total: 74"
3,https://www.zazzle.com/trendy_modern_photo_graduation_invitation-256920141544615649,Trendy Modern Photo Graduation Invitation,622,2026-01-29 04:25:00,"arch graduation invitation, photo, pink bow, high school college, arch photo, grad party, class of 2026, graduate, modern","arch graduation invitation 3, photo 3, pink bow 8, high school college 8, arch photo 13, grad party 14, class of 2026 14, graduate 12, modern 17 | Total: 92"
5,https://www.zazzle.com/arch_pink_bow_photo_graduation_party_invitation-256286770993629234,Arch Pink Bow Photo Graduation Party Invitation,904,2026-01-29 04:14:00,"arch graduation invitation, photo, pink bow, she did it, high school college, arch photo, grad party, class of 2026, graduate","arch graduation invitation 3, photo 3, pink bow 8, she did it 3, high school college 8, arch photo 13, grad party 14, class of 2026 14, graduate 12 | Total: 78"
28,https://www.zazzle.com/pink_bow_photo_graduation_invitation-256268419239254115,Pink Bow Photo Graduation Invitation,371,2026-01-28 23:08:00,"pink bow graduation, graduation daughter, coquette invite, arch photo, pink ribbon, elegant bow, modern, trendy, bow theme, daughter","pink bow graduation 2, graduation daughter 7, coquette invite 7, arch photo 13, pink ribbon 2, elegant bow 7, modern 17, trendy 14, bow theme 4, daughter 3 | Total: 76"
49,https://www.zazzle.com/modern_arch_photo_graduation_party_invitation-256208634520119362,Modern Arch Photo Graduation Party Invitation,69,2026-01-28 05:21:00,"arch graduation invitation, photo, bow, she did it, high school college, arch photo, grad party, class of 2026, graduate, calligraphy","arch graduation invitation 3, photo 3, bow 8, she did it 3, high school college 8, arch photo 13, grad party 14, class of 2026 14, graduate 12, calligraphy 4 | Total: 82"
2,https://www.zazzle.com/wildflower_pink_bow_graduation_invitation-256216092353790857,Wildflower Pink Bow Graduation Invitation,2600,2026-01-27 05:58:00,"grandmillennial graduation invitation, pink bow, wildflower, floral, vintage, arch photo, grad party, trendy, high school college, calligraphy","grandmillennial graduation invitation 2, pink bow 8, wildflower 4, floral 6, vintage 4, arch photo 13, grad party 14, trendy 14, high school college 8, calligraphy 4 | Total: 77"
10,https://www.zazzle.com/pink_bow_graduation_invitation-256959990670693750,Pink Bow Graduation Invitation,566,2026-01-27 05:26:00,"grandmillennial graduation invitation, pink bow, floral, vintage, feminine, arch photo, grad party, trendy, high school college, calligraphy","grandmillennial graduation invitation 2, pink bow 8, floral 6, vintage 4, feminine 1, arch photo 13, grad party 14, trendy 14, high school college 8, calligraphy 4 | Total: 74"
30,https://www.zazzle.com/sweet_pinstriped_black_bow_graduation_invitation-256335053031814352,Sweet Pinstriped Black Bow Graduation Invitation,235,2026-01-23 16:24:00,"class of 2026, trendy, graduate, graduated, senior highschool college university, ribbon, striped, stripes, black bow, black and white stripes","class of 2026 14, trendy 14, graduate 12, graduated 2, senior highschool college university 2, ribbon 2, striped 1, stripes 1, black bow 5, black and white stripes 1 | Total: 54"
12,https://www.zazzle.com/modern_class_of_2026_photo_graduation_party_invitation-256835365265336742,Modern Class of 2026 Photo Graduation Party Invitation,2500,2026-01-12 14:59:00,"graduation, graduation party, photo graduation, high school college, photo graduation party, grad graduate, calligraphy script typography classy, class of 2026, bow, trendy","graduation 10, graduation party 7, photo graduation 2, high school college 8, photo graduation party 3, grad graduate 2, calligraphy script typography classy 9, class of 2026 14, bow 8, trendy 14 | Total: 77"
11,https://www.zazzle.com/modern_elegant_blue_bow_arch_photo_graduation_invitation-256872765486192820,Modern Elegant Blue Bow Arch Photo Graduation Invitation,519,2026-01-12 13:31:00,"graduation, graduation party, photo graduation, high school college, photo graduation party, arch photo, grad graduate, calligraphy script typography classy, blue bow graduation, elegant watercolor blue bow","graduation 10, graduation party 7, photo graduation 2, high school college 8, photo graduation party 3, arch photo 13, grad graduate 2, calligraphy script typography classy 9, blue bow graduation 1, elegant watercolor blue bow 1 | Total: 56"
34,https://www.zazzle.com/coquette_pink_bow_shabby_chic_graduation_party_invitation-256318595421123537,Coquette Pink Bow Shabby Chic Graduation Party Invitation,402,2025-08-22 07:56:00,"watercolor coquette bow, elegant pink rose wallpaper pattern, heirloom vintage lace, pretty shabby chic ribbon, preppy grandmillenial cottagecore, fancy hot pink bow, floral garden tea party, love shack grad, graduation party, graduate class of 2026","watercolor coquette bow 1, elegant pink rose wallpaper pattern 1, heirloom vintage lace 1, pretty shabby chic ribbon 1, preppy grandmillenial cottagecore 1, fancy hot pink bow 1, floral garden tea party 1, love shack grad 1, graduation party 7, graduate class of 2026 1 | Total: 16"
38,https://www.zazzle.com/gold_and_black_coquette_nurse_graduation_rn_invitation-256732472283210948,Gold and Black Coquette Nurse Graduation RN Invitation,940,2025-04-27 11:46:00,"nurse graduation party invitation, coquette bow nurse graduation party, nurse graduation party invite, coquette nurse graduation invitation, she earned it graduation invitation, rn black bow coquette graduation, elegant black and gold, black graduation invitation, gold black nurse graduation invitation, black bow coquette graduation","nurse graduation party invitation 3, coquette bow nurse graduation party 3, nurse graduation party invite 3, coquette nurse graduation invitation 3, she earned it graduation invitation 3, rn black bow coquette graduation 1, elegant black and gold 1, black graduation invitation 1, gold black nurse graduation invitation 1, black bow coquette graduation 1 | Total: 20"
20,https://www.zazzle.com/pink_bow_photo_graduation_party_invitation-256165396486096181,Pink Bow Photo Graduation Party Invitation,268,2025-04-07 16:37:00,"class of 2026, graduation party invitations, bow and ribbon, graduate, elegant, photo grad party invites, modern, high school or college, graduation, pink","class of 2026 14, graduation party invitations 3, bow and ribbon 3, graduate 12, elegant 9, photo grad party invites 1, modern 17, high school or college 6, graduation 10, pink 4 | Total: 79"
52,https://www.zazzle.com/modern_pink_bow_graduation_advice_and_wishes_enclosure_card-256747683859340684,Modern Pink Bow Graduation Advice And Wishes Enclosure Card,110,2025-04-01 06:41:00,"elegant watercolor blush pink bow, modern elegant glass of 2026, class of 2025 trendy stylish, calligraphy script typography preppy, cute class of 2024 girly, bow wishes advice for graduate, graduation advice and wishes card, chic minimalist simple grad party, high school graduate college university, coquette ribbon senior graduation cap","elegant watercolor blush pink bow 5, modern elegant glass of 2026 3, class of 2025 trendy stylish 4, calligraphy script typography preppy 2, cute class of 2024 girly 1, bow wishes advice for graduate 1, graduation advice and wishes card 1, chic minimalist simple grad party 2, high school graduate college university 1, coquette ribbon senior graduation cap 1 | Total: 21"
40,https://www.zazzle.com/modern_pink_bow_qr_code_college_fund_graduation_enclosure_card-256939084800706298,Modern Pink Bow QR Code College Fund Graduation Enclosure Card,115,2025-03-31 14:40:00,"class of 2025 trendy stylish, high school or college university, graduation gift idea donation collage, modern elegant class of 2026, chic minimalist simple grad party, college fund donation request senior, graduate watercolor class of 2024, qr code college fund graduation, coquette ribbon pink senior graduate, pink bow graduation cap watercolor","class of 2025 trendy stylish 4, high school or college university 1, graduation gift idea donation collage 1, modern elegant class of 2026 2, chic minimalist simple grad party 2, college fund donation request senior 1, graduate watercolor class of 2024 1, qr code college fund graduation 1, coquette ribbon pink senior graduate 1, pink bow graduation cap watercolor 1 | Total: 15"
58,https://www.zazzle.com/black_bow_pink_grad_party_invitation-256480668584007027,Black Bow Pink Grad Party Invitation,387,2025-03-24 18:44:00,"pink and black grad, black bow, photo graduation party sign, class of 2025, high school or college, simple trendy script, modern minimal elegant, stylish font, university graduate, elegant ribbon","pink and black grad 1, black bow 5, photo graduation party sign 1, class of 2025 4, high school or college 6, simple trendy script 4, modern minimal elegant 3, stylish font 4, university graduate 4, elegant ribbon 1 | Total: 33"
48,https://www.zazzle.com/blush_pink_bow_graduation_party_invitation-256714191294183536,Blush Pink Bow Graduation Party Invitation,188,2025-03-22 10:48:00,"pink bow graduation invitation, photo grad party, class of 2025, high school or college, simple trendy script, stylish font, grad announcement, university graduate, elegant, coquette","pink bow graduation invitation 2, photo grad party 2, class of 2025 4, high school or college 6, simple trendy script 4, stylish font 4, grad announcement 2, university graduate 4, elegant 9, coquette 14 | Total: 51"
4,https://www.zazzle.com/elegant_black_bow_photo_grad_party_invitation-256525922731407841,Elegant Black Bow Photo Grad Party Invitation,1500,2025-03-22 08:57:00,"black and white typography grad, black bow, photo graduation party, class of 2025, high school or college, simple trendy script, modern minimal elegant, stylish font, university graduate, elegant","black and white typography grad 1, black bow 5, photo graduation party 3, class of 2025 4, high school or college 6, simple trendy script 4, modern minimal elegant 3, stylish font 4, university graduate 4, elegant 9 | Total: 43"
41,https://www.zazzle.com/black_bow_grad_graduation_qr_code_college_fund_enclosure_card-256003506580221890,Black Bow Grad Graduation QR Code College Fund Enclosure Card,339,2025-03-20 15:49:00,"grad, black coquette bow, minimalist, modern, modern script, handwritten style script, generativecontent, college fund, qr code, graduation","grad 2, black coquette bow 1, minimalist 2, modern 17, modern script 1, handwritten style script 1, generativecontent 1, college fund 1, qr code 1, graduation 10 | Total: 37"
0,https://www.zazzle.com/pink_bow_photo_2025_graduation_invitation-256055896693503895,Pink Bow Photo 2025 Graduation Invitation,5200,2025-03-19 15:26:00,"pink bow graduation, graduation daughter, coquette invite, arch photo, pink ribbon, elegant bow, modern, trendy, bow theme, daughter","pink bow graduation 2, graduation daughter 7, coquette invite 7, arch photo 13, pink ribbon 2, elegant bow 7, modern 17, trendy 14, bow theme 4, daughter 3 | Total: 76"
13,https://www.zazzle.com/wildflower_pink_bow_graduation_party_invitation-256538660526725744,Wildflower Pink Bow Graduation Party Invitation,1300,2025-03-19 02:18:00,"floral, wildflower, chic, girl, graduation, graduation party, grad party, graduation picnic, pink bow, graduate","floral 6, wildflower 4, chic 2, girl 1, graduation 10, graduation party 7, grad party 14, graduation picnic 1, pink bow 8, graduate 12 | Total: 65"
24,https://www.zazzle.com/pink_bow_coquette_graduation_cap_thank_you_cards-256611545465090431,Pink Bow  Coquette Graduation Cap  Thank You Cards,176,2025-03-16 15:32:00,"bow graduation thank you card, class of 2025 modern elegant, class of 2026 simple stylish, high school college graduate university, class of 2027 trendy casual, cute watercolor blush pink bow, pink bow graduation thank you, class of 2027 trendy girly, coquette ribbon pink graduation cap, calligraphy script typography preppy","bow graduation thank you card 1, class of 2025 modern elegant 1, class of 2026 simple stylish 1, high school college graduate university 8, class of 2027 trendy casual 1, cute watercolor blush pink bow 1, pink bow graduation thank you 1, class of 2027 trendy girly 1, coquette ribbon pink graduation cap 1, calligraphy script typography preppy 2 | Total: 18"
32,https://www.zazzle.com/modern_trendy_black_bow_graduation_party_invitation-256800061660003110,Modern Trendy Black Bow Graduation Party  Invitation,156,2025-03-15 14:12:00,"graduation, bow graduation, coquette, bow, black and white, graduation party invitation, elegant, high school, college, graduate","graduation 10, bow graduation 3, coquette 14, bow 8, black and white 3, graduation party invitation 4, elegant 9, high school 5, college 5, graduate 12 | Total: 73"
27,https://www.zazzle.com/modern_trendy_black_bow_graduation_party_invitation-256148454603653003,Modern Trendy Black Bow Graduation Party  Invitation,391,2025-03-15 14:10:00,"graduation, bow graduation, coquette, bow, black and white, graduation party invitation, elegant, high school, college, graduate","graduation 10, bow graduation 3, coquette 14, bow 8, black and white 3, graduation party invitation 4, elegant 9, high school 5, college 5, graduate 12 | Total: 73"
22,https://www.zazzle.com/modern_trendy_black_bow_graduation_party_invitation-256169133785508105,Modern Trendy Black Bow Graduation Party  Invitation,1000,2025-03-15 13:38:00,"graduation, bow graduation, coquette, bow, black and white, graduation party invitation, elegant, high school, college, graduate","graduation 10, bow graduation 3, coquette 14, bow 8, black and white 3, graduation party invitation 4, elegant 9, high school 5, college 5, graduate 12 | Total: 73"
37,https://www.zazzle.com/elegant_coquette_bow_graduation_3_photos_invitation-256319693600478060,Elegant Coquette Bow Graduation 3 Photos Invitation,131,2025-03-13 17:40:00,"pink graduation invite, coquette bow graduation, elegant graduation invitation, black cap watercolor, feminine graduation party, classy grad announcement, boho chic graduation, soft pastel graduation, 3 photo graduation card, personalized grad invite","pink graduation invite 1, coquette bow graduation 1, elegant graduation invitation 1, black cap watercolor 1, feminine graduation party 1, classy grad announcement 1, boho chic graduation 1, soft pastel graduation 1, 3 photo graduation card 1, personalized grad invite 1 | Total: 10"
14,https://www.zazzle.com/pink_bow_three_photo_graduation_2025_invitation-256226014616658243,Pink Bow Three Photo Graduation 2025 Invitation,329,2025-03-11 07:41:00,"graduation invitation 2025, class of 2025, garduate high school college, three photo graduation invitations, high school graduation invitation 2025, pink bow coquette graduation invitation, 2025 graduation open house, graduation party 2025, typography minimalist stylish trendy, modern minimalist boho elegant","graduation invitation 2025 1, class of 2025 4, garduate high school college 1, three photo graduation invitations 1, high school graduation invitation 2025 1, pink bow coquette graduation invitation 1, 2025 graduation open house 1, graduation party 2025 1, typography minimalist stylish trendy 1, modern minimalist boho elegant 1 | Total: 13"
6,https://www.zazzle.com/modern_trendy_pink_bow_graduation_cap_graduation_invitation-256039033918865893,Modern Trendy Pink Bow Graduation Cap Graduation Invitation,622,2025-03-06 05:11:00,"high school college graduate university, casual minimalist simple grad party, chic graduation announcement cards, elegant watercolor blush pink bow, coquette ribbon pink senior graduation, pink bow graduation cap invitation, class of 2025 trendy stylish, modern elegant glass of 2026, calligraphy script typography classy, graduation invitations announcements","high school college graduate university 8, casual minimalist simple grad party 7, chic graduation announcement cards 6, elegant watercolor blush pink bow 5, coquette ribbon pink senior graduation 4, pink bow graduation cap invitation 2, class of 2025 trendy stylish 4, modern elegant glass of 2026 3, calligraphy script typography classy 9, graduation invitations announcements 7 | Total: 55"
8,https://www.zazzle.com/modern_elegant_pink_bow_graduation_cap_graduation_invitation-256204289868702558,Modern Elegant  Pink Bow Graduation Cap Graduation Invitation,855,2025-03-05 14:29:00,"graduation invitations announcements, high school college graduate university, calligraphy script typography classy, casual minimalist simple grad party, chic graduation announcement cards, elegant watercolor blush pink bow, coquette ribbon pink senior graduation, pink bow graduation cap invitation, class of 2025 trendy stylish, modern elegant glass of 2026","graduation invitations announcements 7, high school college graduate university 8, calligraphy script typography classy 9, casual minimalist simple grad party 7, chic graduation announcement cards 6, elegant watercolor blush pink bow 5, coquette ribbon pink senior graduation 4, pink bow graduation cap invitation 2, class of 2025 trendy stylish 4, modern elegant glass of 2026 3 | Total: 55"
47,https://www.zazzle.com/vintage_pink_bow_arch_photo_graduation_announcement-256727968294365221,Vintage Pink Bow Arch Photo Graduation Announcement,158,2025-03-05 00:27:00,"coquette, photo graduation announcements, arch, handwritten script, elegant graduation announcements, whimsical, hand drawn bow, high school or college, class of 2026, pink","coquette 14, photo graduation announcements 1, arch 2, handwritten script 1, elegant graduation announcements 1, whimsical 1, hand drawn bow 2, high school or college 6, class of 2026 14, pink 4 | Total: 46"
31,https://www.zazzle.com/modern_elegant_trendy_stylish_black_bow_graduation_acrylic_invitations-256403584163777976,Modern Elegant Trendy Stylish Black Bow Graduation Acrylic Invitations,310,2025-02-27 03:59:00,"graduation invitations announcements, high school college graduate university, calligraphy script typography classy, casual minimalist simple grad party, coquette ribbon black bow graduation, black bow graduation party invite, acrylic graduation party invitation, class of 2025 trendy formal, modern elegant class of 2026, stylish watercolor black and white","graduation invitations announcements 7, high school college graduate university 8, calligraphy script typography classy 9, casual minimalist simple grad party 7, coquette ribbon black bow graduation 2, black bow graduation party invite 1, acrylic graduation party invitation 1, class of 2025 trendy formal 1, modern elegant class of 2026 2, stylish watercolor black and white 1 | Total: 39"
33,https://www.zazzle.com/blue_coquette_nurse_graduation_invitation-256955246647196426,Blue Coquette Nurse Graduation Invitation,295,2025-02-26 13:26:00,"nurse graduation party invitation, coquette bow nurse graduation party, nurse graduation party invite, coquette nurse graduation invitation, she earned it graduation invitation, blue bow nurse graduation invitation, blue coquette bow graduation invitation, blue coquette bow nurse graduation, blu coquette nurse graduation invite, blue bow graduation invitation","nurse graduation party invitation 3, coquette bow nurse graduation party 3, nurse graduation party invite 3, coquette nurse graduation invitation 3, she earned it graduation invitation 3, blue bow nurse graduation invitation 1, blue coquette bow graduation invitation 1, blue coquette bow nurse graduation 1, blu coquette nurse graduation invite 1, blue bow graduation invitation 1 | Total: 20"
43,https://www.zazzle.com/modern_doodle_blue_bow_graduation_party_invitation-256721498297147388,Modern Doodle Blue Bow Graduation Party Invitation,53,2025-02-22 19:43:00,"class of 2026, doodle graduation invitation, graduation party invitations, graduate, bow and ribbon, high school, college, hand drawn, modern, blue and white","class of 2026 14, doodle graduation invitation 1, graduation party invitations 3, graduate 12, bow and ribbon 3, high school 5, college 5, hand drawn 1, modern 17, blue and white 1 | Total: 62"
19,https://www.zazzle.com/pink_bow_vertical_script_graduation_invitation-256381719451539049,Pink Bow Vertical Script Graduation Invitation,747,2025-02-11 21:12:00,"modern minimal elegant, handwritten calligraphy script, boho photo arch, graduation, grad party, high school college grad, simple, minimalist, vertical script, pink bow","modern minimal elegant 3, handwritten calligraphy script 1, boho photo arch 1, graduation 10, grad party 14, high school college grad 1, simple 1, minimalist 2, vertical script 1, pink bow 8 | Total: 42"
1,https://www.zazzle.com/pink_bow_photo_graduation_party_invitation-256093504405710144,Pink Bow Photo Graduation Party Invitation,4000,2025-02-07 05:44:00,"pink bow graduation invitation, photo grad party, high school or college, simple trendy script, stylish font, grad announcement, university graduate, coquette, elegant blush pink, class of 2026","pink bow graduation invitation 2, photo grad party 2, high school or college 6, simple trendy script 4, stylish font 4, grad announcement 2, university graduate 4, coquette 14, elegant blush pink 1, class of 2026 14 | Total: 53"
26,https://www.zazzle.com/pink_coquette_bow_graduation_party_invitation-256798805520746605,Pink Coquette Bow Graduation Party Invitation,6300,2025-01-17 20:23:00,"pink bow graduation invite, coquette bow graduation invitation, pink coquette bow graduate invite, soft pink bow graduatin invitation, pink bow girl college graduation, coquette bow girl college graduate, senior graduation invitation, college graduation invitation party, pink bow college graduation invite, coquette bow senior graduate invitation","pink bow graduation invite 1, coquette bow graduation invitation 1, pink coquette bow graduate invite 1, soft pink bow graduatin invitation 1, pink bow girl college graduation 1, coquette bow girl college graduate 1, senior graduation invitation 1, college graduation invitation party 1, pink bow college graduation invite 1, coquette bow senior graduate invitation 1 | Total: 10"
44,https://www.zazzle.com/modern_elegant_trendy_purple_bow_graduation_invitation-256783781082813323,Modern Elegant Trendy Purple Bow Graduation Invitation,297,2025-01-15 02:09:00,"graduation invitations announcements, class of 2024 2025 2026, modern elegant stylish trendy formal, high school college graduate university, calligraphy script typography classy, casual minimalist simple grad party, chic graduation announcement cards, elegant watercolor dusty purple bow, coquette ribbon graduation celebration, levander lilac bow graduation card","graduation invitations announcements 7, class of 2024 2025 2026 4, modern elegant stylish trendy formal 4, high school college graduate university 8, calligraphy script typography classy 9, casual minimalist simple grad party 7, chic graduation announcement cards 6, elegant watercolor dusty purple bow 1, coquette ribbon graduation celebration 1, levander lilac bow graduation card 1 | Total: 48"
15,https://www.zazzle.com/modern_elegant_trendy_pink_bow_photo_graduation_invitation-256654751266676829,Modern Elegant Trendy Pink Bow Photo Graduation Invitation,1100,2025-01-15 01:54:00,"graduation invitations announcements, class of 2024 2025 2026, modern elegant stylish trendy formal, high school college graduate university, calligraphy script typography classy, casual minimalist simple grad party, chic graduation announcement cards, elegant watercolor blush pink bow, pink bow graduation card, coquette ribbon pink senior graduation","graduation invitations announcements 7, class of 2024 2025 2026 4, modern elegant stylish trendy formal 4, high school college graduate university 8, calligraphy script typography classy 9, casual minimalist simple grad party 7, chic graduation announcement cards 6, elegant watercolor blush pink bow 5, pink bow graduation card 2, coquette ribbon pink senior graduation 4 | Total: 56"
59,https://www.zazzle.com/modern_elegant_trendy_stylish_pink_bow_graduation_invitation-256420710671822572,Modern Elegant Trendy Stylish Pink Bow Graduation Invitation,1500,2025-01-15 01:50:00,"graduation invitations announcements, class of 2024 2025 2026, modern elegant stylish trendy formal, high school college graduate university, calligraphy script typography classy, casual minimalist simple grad party, chic graduation announcement cards, elegant watercolor blush pink bow, pink bow graduation card, coquette ribbon pink senior graduation","graduation invitations announcements 7, class of 2024 2025 2026 4, modern elegant stylish trendy formal 4, high school college graduate university 8, calligraphy script typography classy 9, casual minimalist simple grad party 7, chic graduation announcement cards 6, elegant watercolor blush pink bow 5, pink bow graduation card 2, coquette ribbon pink senior graduation 4 | Total: 56"
45,https://www.zazzle.com/elegant_black_bow_graduation_party_invitation-256739710782542684,Elegant Black Bow Graduation Party Invitation,870,2025-01-14 22:09:00,"elegant, chic, coquette, black bow, elegant calligraphy script, watercolor, couple, graduation party, grad party, femine","elegant 9, chic 2, coquette 14, black bow 5, elegant calligraphy script 1, watercolor 3, couple 1, graduation party 7, grad party 14, femine 1 | Total: 57"
36,https://www.zazzle.com/elegant_red_bow_graduation_party_invitation-256291067936097248,Elegant Red Bow Graduation Party Invitation,323,2025-01-14 00:13:00,"class of 2026, graduation party invitations, graduate, bow and ribbon, elegant, high school, coquette, trendy, college, red and white","class of 2026 14, graduation party invitations 3, graduate 12, bow and ribbon 3, elegant 9, high school 5, coquette 14, trendy 14, college 5, red and white 1 | Total: 80"
25,https://www.zazzle.com/pink_coquette_nurse_graduation_invitation-256373911079655220,Pink Coquette Nurse Graduation Invitation,2500,2025-01-10 20:57:00,"nurse graduation party invitation, pink bow nurse graduation party, coquette bow nurse graduation party, pink coquette bow nurse invitation, pink coquette bow nurse graduation, nurse graduation party invite, pink coquette nurse graduation invite, pink bow graduation invitation part, coquette nurse graduation invitation, she earned it graduation invitation","nurse graduation party invitation 3, pink bow nurse graduation party 1, coquette bow nurse graduation party 3, pink coquette bow nurse invitation 1, pink coquette bow nurse graduation 1, nurse graduation party invite 3, pink coquette nurse graduation invite 1, pink bow graduation invitation part 1, coquette nurse graduation invitation 3, she earned it graduation invitation 3 | Total: 20"
35,https://www.zazzle.com/trendy_pink_bow_photo_graduation_invitation-256244211359382208,Trendy Pink Bow Photo Graduation Invitation,1400,2025-01-05 00:58:00,"class of 2026, modern, trendy, stylish, graduate, graduated, grads, senior highschool college university, ribbon, pink bow","class of 2026 14, modern 17, trendy 14, stylish 1, graduate 12, graduated 2, grads 1, senior highschool college university 2, ribbon 2, pink bow 8 | Total: 73"
16,https://www.zazzle.com/elegant_blue_hydrangea_bow_ribbon_graduation_party_invitation-256873987968869972,Elegant Blue Hydrangea Bow Ribbon Graduation Party Invitation,1000,2024-12-28 10:57:00,"minimalist wildflower modern blossom, wild flower, watercolor blue hydrangea, dusty blue flowers, ribbon bow, watercolor meadow wildflower, bohemian, floral greenery botanical, trendy stylish, boho summer floral bloom","minimalist wildflower modern blossom 1, wild flower 1, watercolor blue hydrangea 1, dusty blue flowers 1, ribbon bow 1, watercolor meadow wildflower 1, bohemian 3, floral greenery botanical 1, trendy stylish 1, boho summer floral bloom 1 | Total: 12"
42,https://www.zazzle.com/trendy_red_bow_ribbon_4_photo_graduation_party_invitation-256938330490029190,Trendy Red Bow Ribbon 4 PHOTO Graduation Party Invitation,96,2024-12-26 04:29:00,"grad party, modern, elegant minimalist, scribble retro, whimsical floral graduation, funky hand drawn, coquette, terracotta beige, bohemian, neutral minimal boho","grad party 14, modern 17, elegant minimalist 5, scribble retro 3, whimsical floral graduation 4, funky hand drawn 5, coquette 14, terracotta beige 1, bohemian 3, neutral minimal boho 1 | Total: 67"
51,https://www.zazzle.com/trendy_neutral_bow_ribbon_4_photo_graduation_party_invitation-256076214082533936,Trendy Neutral Bow Ribbon 4 PHOTO Graduation Party Invitation,323,2024-12-26 03:30:00,"grad party, modern, elegant minimalist, spring summer flowers wildflower, whimsical floral graduation, multicolor wildflowers, funky hand drawn, dusty blue, coquette, black white","grad party 14, modern 17, elegant minimalist 5, spring summer flowers wildflower 2, whimsical floral graduation 4, multicolor wildflowers 3, funky hand drawn 5, dusty blue 2, coquette 14, black white 2 | Total: 68"
29,https://www.zazzle.com/trendy_black_bow_ribbon_5_photo_graduation_party_invitation-256185528680769971,Trendy Black Bow Ribbon 5 PHOTO Graduation Party Invitation,320,2024-12-26 03:06:00,"grad party, modern, elegant minimalist, multicolor wildflowers, funky hand drawn, coquette, black white, hand drawn bow, whimsical black graduation, class of 2026","grad party 14, modern 17, elegant minimalist 5, multicolor wildflowers 3, funky hand drawn 5, coquette 14, black white 2, hand drawn bow 2, whimsical black graduation 1, class of 2026 14 | Total: 77"
50,https://www.zazzle.com/trendy_blue_bow_ribbon_4_photo_graduation_party_invitation-256072373722002592,Trendy Blue Bow Ribbon 4 PHOTO Graduation Party Invitation,347,2024-12-24 21:37:00,"grad party, modern, elegant minimalist, scribble retro, whimsical floral graduation, funky hand drawn, dusty blue, coquette, neutral blue boho, bohemian","grad party 14, modern 17, elegant minimalist 5, scribble retro 3, whimsical floral graduation 4, funky hand drawn 5, dusty blue 2, coquette 14, neutral blue boho 1, bohemian 3 | Total: 68"
23,https://www.zazzle.com/trendy_pink_bow_coquette_5_photo_graduation_party_invitation-256319801740686067,Trendy Pink Bow Coquette 5 PHOTO Graduation Party Invitation,428,2024-12-21 11:38:00,"grad party, modern, elegant minimalist, bow ribbon, spring summer flowers wildflower, arch frame photo, scribble retro, whimsical floral graduation, multicolor wildflowers, funky hand drawn","grad party 14, modern 17, elegant minimalist 5, bow ribbon 1, spring summer flowers wildflower 2, arch frame photo 1, scribble retro 3, whimsical floral graduation 4, multicolor wildflowers 3, funky hand drawn 5 | Total: 55"
54,https://www.zazzle.com/modern_elegant_trendy_stylish_black_bow_graduation_invitation-256276749866959642,Modern Elegant Trendy Stylish Black Bow Graduation Invitation,1100,2024-12-19 16:58:00,"elegant watercolor black and white, graduation invitations announcements, class of 2024 2025 2026, black bow graduation card, modern elegant stylish trendy formal, high school college graduate university, calligraphy script typography classy, casual minimalist simple grad party, coquette ribbon black bow graduation, chic graduation announcement cards","elegant watercolor black and white 1, graduation invitations announcements 7, class of 2024 2025 2026 4, black bow graduation card 1, modern elegant stylish trendy formal 4, high school college graduate university 8, calligraphy script typography classy 9, casual minimalist simple grad party 7, coquette ribbon black bow graduation 2, chic graduation announcement cards 6 | Total: 49"
18,https://www.zazzle.com/ribbon_graduation_3_letter_pink_monogram_crest_invitation-256863813810667935,Ribbon Graduation | 3 Letter Pink Monogram Crest Invitation,376,2024-05-25 03:32:00,"graduates, graduation, graduation cap, watercolor, monogram, crest, grandmillennial, bow, coquette, pink","graduates 1, graduation 10, graduation cap 1, watercolor 3, monogram 1, crest 1, grandmillennial 3, bow 8, coquette 14, pink 4 | Total: 46"
